model,dataset,accuracy,f1_score,precision,recall
SVM,self_trained_word2vec_review_vector_tokenized,0.8871428571428571,0.887142988702165,0.8871456752328004,0.8871428571428571
SVM,self_trained_word2vec_review_vector_lemmatized,0.8834285714285715,0.8834275573955922,0.883458137387399,0.8834285714285715
SVM,roberta_review_vector_tokenized,0.8771428571428571,0.8771295661423565,0.8773501048604208,0.8771428571428571
SVM,roberta_review_vector_lemmatized,0.8724857142857143,0.8724835535994692,0.8725312084227672,0.8724857142857143
ANN,self_trained_word2vec_review_vector_tokenized,0.8792285714285715,0.8792182996454886,0.8793972385507888,0.8792285714285715
ANN,self_trained_word2vec_review_vector_lemmatized,0.8774,0.877370190864954,0.8777118339386807,0.8774
ANN,roberta_review_vector_tokenized,0.8984285714285715,0.8984131434583039,0.8987233011484842,0.8984285714285715
ANN,roberta_review_vector_lemmatized,0.8929428571428571,0.8929370297641599,0.8930615639316041,0.8929428571428571
